Meme template name,Caption,Template link
Bad Luck Brian,Got job interview. Fire alarm goes off mid-answer.,https://imgflip.com/memetemplate/Bad-Luck-Brian
Success Kid,Guessed the SQL question. Got it right.,https://imgflip.com/memetemplate/Success-Kid
Hide the Pain Harold,Recruiter said 'we’ll be in touch'. They never were.,https://imgflip.com/memetemplate/Hide-the-Pain-Harold
Futurama Fry,Not sure if I’m underqualified or if they posted the wrong salary.,https://imgflip.com/memetemplate/Futurama-Fry
First World Problems,Applied to 100 jobs. Got ghosted by 99. The 1 sent a scam.,https://imgflip.com/memetemplate/First-World-Problems
One Does Not Simply,One does not simply tune hyperparameters without pain.,https://imgflip.com/memetemplate/One-Does-Not-Simply
Dwight Schrute,FALSE. Excel is not a database.,https://imgflip.com/memetemplate/Dwight-Schrute
Creepy Condescending Wonka,"Oh, you trained a model? Tell me more about your 98% overfit score.",https://imgflip.com/memetemplate/Creepy-Condescending-Wonka
Philosoraptor,"If I learn R, will recruiters finally stop asking for Excel?",https://imgflip.com/memetemplate/Philosoraptor
Grumpy Cat,You got a 'no' from the AI screening bot. Good.,https://imgflip.com/memetemplate/Grumpy-Cat
The Most Interesting Man,"I don’t always optimize, but when I do, it’s with grid search.",https://imgflip.com/memetemplate/The-Most-Interesting-Man-in-the-World
Evil Toddler,Dad said I could be anything... so I became 'senior analyst' with 0 YOE.,https://imgflip.com/memetemplate/Evil-Toddler
Ancient Aliens,Why did the dashboard break? Aliens... and one missing comma.,https://imgflip.com/memetemplate/Ancient-Aliens
Overly Attached Girlfriend,You viewed my LinkedIn. So I applied to your whole company.,https://imgflip.com/memetemplate/Overly-Attached-Girlfriend
Technologically Impaired Duck,Saved my CSV as .docx. Boss is not impressed.,https://imgflip.com/memetemplate/Technologically-Impaired-Duck
Confused Gandalf,I have no memory of applying to this job.,https://imgflip.com/memetemplate/Confused-Gandalf
10 Guy,So like... if data is big... is it heavy?,https://imgflip.com/memetemplate/10-Guy
Cool Story Bro,You trained a model on Titanic. Cool story bro.,https://imgflip.com/memetemplate/Cool-Story-Bro
Doge,Such model. Many layers. Very overfit. Wow.,https://imgflip.com/memetemplate/Doge
Too Damn High,The number of unpaid data internships is TOO DAMN HIGH.,https://imgflip.com/memetemplate/The-Rent-Is-Too-Damn-High
Oprah You Get A Car,You get an auto-rejection! And you! Everyone gets rejected!,https://imgflip.com/memetemplate/Oprah-You-Get-A
Scumbag Steve,Says he’ll refer you. Forgets instantly.,https://imgflip.com/memetemplate/Scumbag-Steve
Disaster Girl,Left the company. Dashboards still use Excel macros.,https://imgflip.com/memetemplate/Disaster-Girl
Third World Skeptical Kid,You studied data science? So you're good at charts?,https://imgflip.com/memetemplate/Third-World-Skeptical-Kid
Captain Picard Facepalm,They said ‘data-driven’ and handed me a pie chart in Word.,https://imgflip.com/memetemplate/Picard-Facepalm
Buddy Christ,When your model finally works after 472 Stack Overflow visits.,https://imgflip.com/memetemplate/Buddy-Christ
Blank Nut Button,Apply to 300 roles. Get 1 interview. PRESS HARDER.,https://imgflip.com/memetemplate/Blank-Nut-Button
The Scroll of Truth,Hiring managers don’t read resumes. *throws scroll*,https://imgflip.com/memetemplate/The-Scroll-Of-Truth
Angry Toddler,Got told ‘We need someone more senior’. I'm 23!,https://imgflip.com/memetemplate/Angry-Toddler
High Expectations Asian Father,You got 95%? Why not perfect accuracy?,https://imgflip.com/memetemplate/High-Expectations-Asian-Father
Put It Somewhere Else Patrick,Used a random forest. Called it AI.,https://imgflip.com/memetemplate/Put-It-Somewhere-Else-Patrick
Change My Mind,Hiring managers should actually read resumes. Change my mind.,https://imgflip.com/memetemplate/Change-My-Mind
Roll Safe Think About It,Can’t get rejected if you don’t apply.,https://imgflip.com/memetemplate/Roll-Safe-Think-About-It
Inigo Montoya,You keep using the word 'junior'. I do not think it means unpaid intern.,https://imgflip.com/memetemplate/Inigo-Montoya
Monkey Puppet,Said I’m good with data. Interviewer opens SQL challenge.,https://imgflip.com/memetemplate/Monkey-Puppet
Picard WTF,Data pipeline broke at 3am. Manager: 'Just restart it.',https://imgflip.com/memetemplate/Picard-WTF
Stoner Stanley,Used ChatGPT for cover letter. Got a callback.,https://imgflip.com/memetemplate/Stoner-Stanley
Actual Advice Mallard,Check for typos in your resume. Then check again.,https://imgflip.com/memetemplate/Actual-Advice-Mallard
Maury Lie Detector,'I have 5 years of experience.' Resume says 1. THAT WAS A LIE.,https://imgflip.com/memetemplate/Maury-Lie-Detector
Unhelpful Teacher,Just learn Python. That's it.,https://imgflip.com/memetemplate/Unhelpful-High-School-Teacher
Annoying Facebook Girl,Just got a data job because I ‘manifested’ it.,https://imgflip.com/memetemplate/Annoying-Facebook-Girl
Sheltering Suburban Mom,You don’t need a job! Move back in with us!,https://imgflip.com/memetemplate/Sheltering-Suburban-Mom
Bad Joke Eel,What do you call a nervous data scientist? A hyper-tension parameter.,https://imgflip.com/memetemplate/Bad-Joke-Eel
Lazy College Senior,Final semester. Made a portfolio site. It’s just a GIF.,https://imgflip.com/memetemplate/Lazy-College-Senior
High Guy,What if... your model is just a really confident guesser?,https://imgflip.com/memetemplate/10-Guy
Am I The Only One Around Here,Am I the only one who uses documentation?!,https://imgflip.com/memetemplate/Am-I-The-Only-One
Sad Pablo Escobar,Waited all day. No recruiter call.,https://imgflip.com/memetemplate/Sad-Pablo-Escobar
Hide the Pain Harold,Accepted the job. They forgot to mention it’s all manual data entry.,https://imgflip.com/memetemplate/Hide-the-Pain-Harold
Success Kid,Applied to dream job. They replied the next day.,https://imgflip.com/memetemplate/Success-Kid
Grumpy Cat,Got hired as ‘data scientist’. Doing Excel reports all day.,https://imgflip.com/memetemplate/Grumpy-Cat
Futurama Fry,Not sure if I need a data science degree or just a better network.,https://imgflip.com/memetemplate/Futurama-Fry
One Does Not Simply,One does not simply ‘keep it under 1 page’ with 12 internships.,https://imgflip.com/memetemplate/One-Does-Not-Simply
Picard Facepalm,They called JSON ‘Jason’. Twice.,https://imgflip.com/memetemplate/Picard-Facepalm
Scumbag Steve,Said he’d review your resume. Sent it to his group chat instead.,https://imgflip.com/memetemplate/Scumbag-Steve
Buddy Christ,When HR says 'the role is hybrid' and they mean 5 days a week in-office.,https://imgflip.com/memetemplate/Buddy-Christ
Creepy Condescending Wonka,"Oh, your resume says 'Python'. Do tell me about your three Coursera badges.",https://imgflip.com/memetemplate/Creepy-Condescending-Wonka
Unhelpful High School Teacher,Just be passionate. Employers love passion.,https://imgflip.com/memetemplate/Unhelpful-High-School-Teacher
Y U No,Y U NO GIVE FEEDBACK AFTER 3 ROUNDS?,https://imgflip.com/memetemplate/Y-U-No
Clown Applying Makeup,"Stage 1: Learn NumPy
Stage 2: Make portfolio
Stage 3: Get ghosted again",https://imgflip.com/memetemplate/Clown-Applying-Makeup
Disaster Girl,Built a regression model. Didn’t check residuals. The internet burned.,https://imgflip.com/memetemplate/Disaster-Girl
Oprah You Get A Car,You get a buzzword! You get a buzzword! Now we’re all ‘data-driven’.,https://imgflip.com/memetemplate/Oprah-You-Get-A
Drake Hotline Bling,"Writing SQL? ✅
Writing cover letters? ❌",https://imgflip.com/memetemplate/Drake-Hotline-Bling
Philosoraptor,"If my model is 90% accurate, but the data is bad, is it still smart?",https://imgflip.com/memetemplate/Philosoraptor
Sarcastic Spongebob,"SuRe, I lOvE aPpLyInG tO jObS wItH nO sAlArY lIsTeD",https://imgflip.com/memetemplate/Sarcastic-Spongebob
Annoying Facebook Girl,Just got hired in data because I’m ‘vibes-based’,https://imgflip.com/memetemplate/Annoying-Facebook-Girl
Inigo Montoya,You keep using the word ‘junior’. I do not think it means unpaid intern.,https://imgflip.com/memetemplate/Inigo-Montoya
10 Guy,So like... what if overfitting is just enthusiasm?,https://imgflip.com/memetemplate/10-Guy
Actual Advice Mallard,Name your resume PDF with your name. Not ‘final_final_updated’.,https://imgflip.com/memetemplate/Actual-Advice-Mallard
Waiting Skeleton,Applied 48 days ago. Still 'under consideration'.,https://imgflip.com/memetemplate/Waiting-Skeleton
Ancient Aliens,Why does the hiring algorithm hate me? Aliens.,https://imgflip.com/memetemplate/Ancient-Aliens
Cool Story Bro,You visualized a CSV? Cool story bro.,https://imgflip.com/memetemplate/Cool-Story-Bro
Stoner Stanley,What if resumes had a TL;DR at the top?,https://imgflip.com/memetemplate/Stoner-Stanley
Put It Somewhere Else Patrick,Used ChatGPT for resume. Nailed personality fit.,https://imgflip.com/memetemplate/Put-It-Somewhere-Else-Patrick
The Scroll of Truth,Recruiter said 'We’ll keep you in mind'... *throws scroll*,https://imgflip.com/memetemplate/The-Scroll-Of-Truth
Third World Skeptical Kid,You studied data? So you're basically an Excel god?,https://imgflip.com/memetemplate/Third-World-Skeptical-Kid
Monkey Puppet,Said I was an Excel expert. Interviewer opened Power BI.,https://imgflip.com/memetemplate/Monkey-Puppet
High Expectations Asian Father,3 internships? Only 3?,https://imgflip.com/memetemplate/High-Expectations-Asian-Father
Maury Lie Detector,‘I’m passionate about data.’ THAT WAS A LIE.,https://imgflip.com/memetemplate/Maury-Lie-Detector
Roll Safe Think About It,Can’t get laid off if no one ever hires you.,https://imgflip.com/memetemplate/Roll-Safe-Think-About-It
"X, X Everywhere","Buzzwords, buzzwords everywhere.",https://imgflip.com/memetemplate/X-X-Everywhere
Skeptical Baby,You coded in ‘Machine Learning’? You mean... scikit?,https://imgflip.com/memetemplate/Skeptical-Baby
Too Damn High,The number of applications I’ve sent is TOO DAMN HIGH.,https://imgflip.com/memetemplate/The-Rent-Is-Too-Damn-High
Success Kid,Accidentally clicked 'apply'. Got the offer.,https://imgflip.com/memetemplate/Success-Kid
Yoda,Apply you must. Respond they will not.,https://imgflip.com/memetemplate/Yoda
Change My Mind,Cover letters are just Mad Libs. Change my mind.,https://imgflip.com/memetemplate/Change-My-Mind
Buddy Christ,Finished a Kaggle comp. Felt like a hero.,https://imgflip.com/memetemplate/Buddy-Christ
Vince McMahon Reaction,"Saw job title: 'Data Wizard'
Saw salary: $15/hr",https://imgflip.com/memetemplate/Vince-McMahon-Reaction
Sad Pablo Escobar,Refreshed inbox. Nothing. Again.,https://imgflip.com/memetemplate/Sad-Pablo-Escobar
The Rock Driving,"Friend: 'So you got the job?'
Me: 'It was unpaid.'",https://imgflip.com/memetemplate/The-Rock-Driving
Am I The Only One,Am I the only one who reads job descriptions before applying?,https://imgflip.com/memetemplate/Am-I-The-Only-One
Leonardo Dicaprio Cheers,Got rejected in 3 hours. Record time!,https://imgflip.com/memetemplate/Leonardo-Dicaprio-Cheers
Batman Slapping Robin,"Robin: 'Just learn Excel!'
Batman: 'It’s SQL, ROBIN!'",https://imgflip.com/memetemplate/Batman-Slapping-Robin
Unsettled Tom,HR said: 'We’ll reach out either way.' Silence since.,https://imgflip.com/memetemplate/Unsettled-Tom
Confused Nick Young,"Job asked for 'entry level', but also ‘10+ years ML experience’?",https://imgflip.com/memetemplate/Confused-Nick-Young
Is This A Pigeon,Is this... a job post? Or just a wish list?,https://imgflip.com/memetemplate/Is-This-A-Pigeon
Hide the Pain Harold,Accepted a data role. Still don’t know what I do.,https://imgflip.com/memetemplate/Hide-the-Pain-Harold
Bad Luck Brian,Passed technical interview. Failed behavioral for being 'too technical'.,https://imgflip.com/memetemplate/Bad-Luck-Brian
Sarcastic Spongebob,"sHoW uS yOuR pOrTfOlIo
wE dOn’T pRoViDe aNy sCoPe",https://imgflip.com/memetemplate/Sarcastic-Spongebob
Yoda,Master the SQL you must. Hire you they might.,https://imgflip.com/memetemplate/Yoda
Stoner Stanley,What if... your model’s bad... but it still gets you hired?,https://imgflip.com/memetemplate/Stoner-Stanley
Roll Safe Think About It,Can’t be underpaid if you're never paid.,https://imgflip.com/memetemplate/Roll-Safe-Think-About-It
Disaster Girl,Ran 'drop duplicates' on client data. Everything broke.,https://imgflip.com/memetemplate/Disaster-Girl
Monkey Puppet,Told them I’m proficient in R. Forgot what tidyverse is.,https://imgflip.com/memetemplate/Monkey-Puppet
Captain Picard Huh,They called PowerPoint a data visualization tool.,https://imgflip.com/memetemplate/Captain-Picard-Huh
Waiting Skeleton,Still waiting for that ‘quick coffee chat’ response.,https://imgflip.com/memetemplate/Waiting-Skeleton
Confused Gandalf,They called me a 'quantitative wizard'. I make pie charts.,https://imgflip.com/memetemplate/Confused-Gandalf
Third World Skeptical Kid,You got a data job? So you must be rich now?,https://imgflip.com/memetemplate/Third-World-Skeptical-Kid
Too Damn High,The number of dashboard versions is TOO DAMN HIGH.,https://imgflip.com/memetemplate/The-Rent-Is-Too-Damn-High
Annoying Facebook Girl,Redesigned her resume in Canva. Says she’s a UX expert now.,https://imgflip.com/memetemplate/Annoying-Facebook-Girl
Grumpy Cat,Cover letters? No.,https://imgflip.com/memetemplate/Grumpy-Cat
Philosoraptor,"If I scrape LinkedIn, am I the product or the user?",https://imgflip.com/memetemplate/Philosoraptor
First World Problems,Learned 3 libraries. Job uses Excel macros.,https://imgflip.com/memetemplate/First-World-Problems
Actual Advice Mallard,Use version control. Especially before demo day.,https://imgflip.com/memetemplate/Actual-Advice-Mallard
Dwight Schrute,Internships do not count as experience. FALSE.,https://imgflip.com/memetemplate/Dwight-Schrute
Cool Story Bro,Your bootcamp project classified flowers. Cool story bro.,https://imgflip.com/memetemplate/Cool-Story-Bro
Hide the Pain Harold,They asked me to 'translate insights'. I translated to emojis.,https://imgflip.com/memetemplate/Hide-the-Pain-Harold
One Does Not Simply,One does not simply 'stand out' in a stack of 800 resumes.,https://imgflip.com/memetemplate/One-Does-Not-Simply
Success Kid,Finally automated the weekly report. Took only 17 weeks.,https://imgflip.com/memetemplate/Success-Kid
Y U No,Y U NO LET ME WORK REMOTE?,https://imgflip.com/memetemplate/Y-U-No
Overly Attached Girlfriend,You liked my portfolio? I’ll check your CEO’s LinkedIn next.,https://imgflip.com/memetemplate/Overly-Attached-Girlfriend
Inigo Montoya,You keep saying 'machine learning'. I don’t think it means what you think it means.,https://imgflip.com/memetemplate/Inigo-Montoya
"X, X Everywhere","Entry-level jobs, job requirements everywhere.",https://imgflip.com/memetemplate/X-X-Everywhere
Creepy Condescending Wonka,You trained a model? Tell me how your pipeline handles nulls.,https://imgflip.com/memetemplate/Creepy-Condescending-Wonka
Scumbag Steve,Sent his resume to your recruiter. Said it was yours.,https://imgflip.com/memetemplate/Scumbag-Steve
Evil Toddler,Mom said I can label my own training data.,https://imgflip.com/memetemplate/Evil-Toddler
Blank Nut Button,Internship experience. RELEVANT EXPERIENCE. PRESS HARDER.,https://imgflip.com/memetemplate/Blank-Nut-Button
Buddy Christ,You made a scatter plot! With labels!,https://imgflip.com/memetemplate/Buddy-Christ
Batman Slapping Robin,"Robin: 'Just apply more!'
Batman: 'NETWORKING, ROBIN!'",https://imgflip.com/memetemplate/Batman-Slapping-Robin
Unhelpful High School Teacher,Just get into tech. Easy.,https://imgflip.com/memetemplate/Unhelpful-High-School-Teacher
Put It Somewhere Else Patrick,Wrote code once. Called myself a data engineer.,https://imgflip.com/memetemplate/Put-It-Somewhere-Else-Patrick
Am I The Only One,Am I the only one who writes SQL in lowercase?,https://imgflip.com/memetemplate/Am-I-The-Only-One
Maury Lie Detector,They said 'we don’t ghost candidates'. THAT WAS A LIE.,https://imgflip.com/memetemplate/Maury-Lie-Detector
Captain Picard Huh,They said 'collaborative culture'. It’s 6 PM Slack messages.,https://imgflip.com/memetemplate/Captain-Picard-Huh
Leonardo Dicaprio Cheers,Got paid in exposure. Cheers to that!,https://imgflip.com/memetemplate/Leonardo-Dicaprio-Cheers
Sad Pablo Escobar,Applied to 3 roles this morning. Nothing by noon.,https://imgflip.com/memetemplate/Sad-Pablo-Escobar
Technologically Impaired Duck,Saved resume in Pages. Sent as .pages file.,https://imgflip.com/memetemplate/Technologically-Impaired-Duck
Skeptical Baby,Your model ‘learned’? Or you hard-coded logic?,https://imgflip.com/memetemplate/Skeptical-Baby
Clown Applying Makeup,"Step 1: Learn Python
Step 2: Practice LeetCode
Step 3: No reply",https://imgflip.com/memetemplate/Clown-Applying-Makeup
The Scroll of Truth,"‘It’s not you, it’s our budget’ – *throws scroll*",https://imgflip.com/memetemplate/The-Scroll-Of-Truth
Drake Hotline Bling,"SQL joins? ✅
Joining a Zoom on time? ❌",https://imgflip.com/memetemplate/Drake-Hotline-Bling
Change My Mind,Job descriptions are just fiction. Change my mind.,https://imgflip.com/memetemplate/Change-My-Mind
10 Guy,So like... who trains the model trainers?,https://imgflip.com/memetemplate/10-Guy
Hide the Pain Harold,Asked for mentorship. Got a Jira ticket instead.,https://imgflip.com/memetemplate/Hide-the-Pain-Harold
Bad Luck Brian,Portfolio site went down during the interview.,https://imgflip.com/memetemplate/Bad-Luck-Brian
Yoda,"A Jedi you are not, until git you learn.",https://imgflip.com/memetemplate/Yoda
Creepy Condescending Wonka,"Oh, you made a dashboard? Was it dark mode?",https://imgflip.com/memetemplate/Creepy-Condescending-Wonka
Scumbag Steve,Updated resume. Left old company as current by 'accident'.,https://imgflip.com/memetemplate/Scumbag-Steve
Philosoraptor,If data is the new oil... why am I unpaid?,https://imgflip.com/memetemplate/Philosoraptor
Grumpy Cat,Another panel meeting? No.,https://imgflip.com/memetemplate/Grumpy-Cat
Dwight Schrute,They said 'flexible schedule'. FALSE.,https://imgflip.com/memetemplate/Dwight-Schrute
Annoying Facebook Girl,Did a 2-day bootcamp. Updated title to ‘AI expert’,https://imgflip.com/memetemplate/Annoying-Facebook-Girl
Buddy Christ,Got through the whole demo without crashing. Amen.,https://imgflip.com/memetemplate/Buddy-Christ
Stoner Stanley,What if Python is just pseudocode that works?,https://imgflip.com/memetemplate/Stoner-Stanley
First World Problems,Got 3 interviews. All on the same day. During finals.,https://imgflip.com/memetemplate/First-World-Problems
Success Kid,Wrote an email to HR. They replied in 12 minutes.,https://imgflip.com/memetemplate/Success-Kid
10 Guy,So like... does the cloud have weather?,https://imgflip.com/memetemplate/10-Guy
Sad Pablo Escobar,Finalist in 2 interviews. Neither picked me.,https://imgflip.com/memetemplate/Sad-Pablo-Escobar
Put It Somewhere Else Patrick,Added buzzwords to resume. Suddenly ‘qualified’.,https://imgflip.com/memetemplate/Put-It-Somewhere-Else-Patrick
Cool Story Bro,"Oh, your senior capstone predicted housing prices?",https://imgflip.com/memetemplate/Cool-Story-Bro
Inigo Montoya,You keep saying 'startup culture'. I do not think it means health insurance.,https://imgflip.com/memetemplate/Inigo-Montoya
Unhelpful High School Teacher,Just build a Kaggle-winning model. Easy.,https://imgflip.com/memetemplate/Unhelpful-High-School-Teacher
Drake Hotline Bling,"Applying to jobs in data science? ✅
Getting interviews? ❌",https://imgflip.com/memetemplate/Drake-Hotline-Bling
Oprah You Get A Car,You get a 3rd interview! You get a case study! You all get unpaid work!,https://imgflip.com/memetemplate/Oprah-You-Get-A
Third World Skeptical Kid,You do ‘big data’? Is that like... big Excel?,https://imgflip.com/memetemplate/Third-World-Skeptical-Kid
Monkey Puppet,Claimed I know SQL. Job uses Snowflake macros.,https://imgflip.com/memetemplate/Monkey-Puppet
Clown Applying Makeup,"Step 1: Rebrand as data engineer
Step 2: Pray",https://imgflip.com/memetemplate/Clown-Applying-Makeup
Maury Lie Detector,They said ‘We’re family here’. THAT WAS A LIE.,https://imgflip.com/memetemplate/Maury-Lie-Detector
Waiting Skeleton,Still waiting for that 'we loved your interview' email.,https://imgflip.com/memetemplate/Waiting-Skeleton
Captain Picard Huh,They said 'hands-on experience'. It’s just PowerPoint.,https://imgflip.com/memetemplate/Captain-Picard-Huh
Roll Safe Think About It,Can’t fail the tech screen if you never open the link.,https://imgflip.com/memetemplate/Roll-Safe-Think-About-It
Actual Advice Mallard,Make your resume a PDF. Not Google Docs. Please.,https://imgflip.com/memetemplate/Actual-Advice-Mallard
Change My Mind,Unpaid internships are just fancy exploitation. Change my mind.,https://imgflip.com/memetemplate/Change-My-Mind
Sarcastic Spongebob,sEnD uS yOuR aVaILaBIlItY fOr aN uNsChEdUlEd cAlL,https://imgflip.com/memetemplate/Sarcastic-Spongebob
Batman Slapping Robin,"Robin: 'Just apply on the portal!'
Batman: 'Cold email the manager!'",https://imgflip.com/memetemplate/Batman-Slapping-Robin
Skeptical Baby,You trained the model? Or it trained you?,https://imgflip.com/memetemplate/Skeptical-Baby
Y U No,Y U NO ACCEPT ENTRY LEVEL WITH NO EXPERIENCE?,https://imgflip.com/memetemplate/Y-U-No
"X, X Everywhere","Slide decks, slide decks everywhere.",https://imgflip.com/memetemplate/X-X-Everywhere
Leonardo Dicaprio Cheers,Just found a job post with salary listed. Cheers!,https://imgflip.com/memetemplate/Leonardo-Dicaprio-Cheers
Blank Nut Button,INTERVIEW. THANK-YOU EMAIL. FOLLOW-UP. SMASH.,https://imgflip.com/memetemplate/Blank-Nut-Button
The Scroll of Truth,‘We’ll follow up next week’ – *throws scroll*,https://imgflip.com/memetemplate/The-Scroll-Of-Truth
Am I The Only One,Am I the only one still formatting resumes in LaTeX?,https://imgflip.com/memetemplate/Am-I-The-Only-One
Technologically Impaired Duck,Wrote cover letter in WordArt.,https://imgflip.com/memetemplate/Technologically-Impaired-Duck
Skeptical Baby,You applied through the portal and heard back? Lies.,https://imgflip.com/memetemplate/Skeptical-Baby
Buddy Christ,Your code ran on the first try. We believe in miracles.,https://imgflip.com/memetemplate/Buddy-Christ
Sad Pablo Escobar,Sent thank-you note. No reply. Again.,https://imgflip.com/memetemplate/Sad-Pablo-Escobar
Put It Somewhere Else Patrick,Added 'data storyteller' to LinkedIn. Hired next day.,https://imgflip.com/memetemplate/Put-It-Somewhere-Else-Patrick
Cool Story Bro,You A/B tested resume formats? Cool story bro.,https://imgflip.com/memetemplate/Cool-Story-Bro
Annoying Facebook Girl,Manifested my data job. Forgot to mention my 3 referrals.,https://imgflip.com/memetemplate/Annoying-Facebook-Girl
Clown Applying Makeup,"Step 1: Say you’re passionate
Step 2: Get ghosted",https://imgflip.com/memetemplate/Clown-Applying-Makeup
Hide the Pain Harold,They said ‘startup vibes’. I said ‘health insurance’.,https://imgflip.com/memetemplate/Hide-the-Pain-Harold
Bad Luck Brian,GitHub crashed during live portfolio demo.,https://imgflip.com/memetemplate/Bad-Luck-Brian
Yoda,Fail you may. Retry you must.,https://imgflip.com/memetemplate/Yoda
Philosoraptor,"If resumes go into black holes, is it really job searching?",https://imgflip.com/memetemplate/Philosoraptor
Grumpy Cat,Another cover letter? NO.,https://imgflip.com/memetemplate/Grumpy-Cat
Dwight Schrute,They said 'flexible hours'. FALSE. Clock in at 8.,https://imgflip.com/memetemplate/Dwight-Schrute
Buddy Christ,Finally used 'pivot table' in a sentence. Got hired.,https://imgflip.com/memetemplate/Buddy-Christ
Sarcastic Spongebob,sEnD uS yOuR rEsUmE aNd aLsO fIlL tHiS fOrM,https://imgflip.com/memetemplate/Sarcastic-Spongebob
Cool Story Bro,Your analysis has 3 colors and 4 buzzwords? Cool story bro.,https://imgflip.com/memetemplate/Cool-Story-Bro
Monkey Puppet,Said I love data. Didn’t recognize a histogram.,https://imgflip.com/memetemplate/Monkey-Puppet
Captain Picard Huh,Your job title is ‘data ninja’? Tell me more.,https://imgflip.com/memetemplate/Captain-Picard-Huh
Sad Pablo Escobar,Wrote a tailored cover letter. No reply.,https://imgflip.com/memetemplate/Sad-Pablo-Escobar
Unhelpful High School Teacher,You didn’t get the job? Try smiling more!,https://imgflip.com/memetemplate/Unhelpful-High-School-Teacher
Success Kid,Predicted churn in my interview question. Nailed it.,https://imgflip.com/memetemplate/Success-Kid
Put It Somewhere Else Patrick,Used Seaborn. Called it 'advanced analytics'.,https://imgflip.com/memetemplate/Put-It-Somewhere-Else-Patrick
Am I The Only One,Am I the only one who actually likes writing SQL?,https://imgflip.com/memetemplate/Am-I-The-Only-One
Skeptical Baby,You ‘tuned the model’? With intuition?,https://imgflip.com/memetemplate/Skeptical-Baby
10 Guy,So like... what if my resume overfits?,https://imgflip.com/memetemplate/10-Guy
Stoner Stanley,What if... job descriptions are just vibes?,https://imgflip.com/memetemplate/Stoner-Stanley
Maury Lie Detector,‘We don’t use Excel here.’ THAT WAS A LIE.,https://imgflip.com/memetemplate/Maury-Lie-Detector
Y U No,Y U NO TELL ME SALARY RANGE?,https://imgflip.com/memetemplate/Y-U-No
Annoying Facebook Girl,Rebranded as a 'data whisperer'. Got 6 interviews.,https://imgflip.com/memetemplate/Annoying-Facebook-Girl
Third World Skeptical Kid,You did a bootcamp? So you’re a scientist now?,https://imgflip.com/memetemplate/Third-World-Skeptical-Kid
Clown Applying Makeup,"Step 1: Add buzzwords
Step 2: Send to 200 jobs",https://imgflip.com/memetemplate/Clown-Applying-Makeup
Waiting Skeleton,Still waiting for recruiter to 'circle back'.,https://imgflip.com/memetemplate/Waiting-Skeleton
Scumbag Steve,Forwarded your resume. To his group chat.,https://imgflip.com/memetemplate/Scumbag-Steve
Blank Nut Button,STATS 101. PRESS. AGAIN.,https://imgflip.com/memetemplate/Blank-Nut-Button
Leonardo Dicaprio Cheers,Got paid in dollars instead of experience. Cheers!,https://imgflip.com/memetemplate/Leonardo-Dicaprio-Cheers
Roll Safe Think About It,Can’t fail the interview if you ghost them first.,https://imgflip.com/memetemplate/Roll-Safe-Think-About-It
The Scroll of Truth,‘We chose someone with more experience’ – *throws scroll*,https://imgflip.com/memetemplate/The-Scroll-Of-Truth
Change My Mind,PowerPoint is not a data tool. Change my mind.,https://imgflip.com/memetemplate/Change-My-Mind
Disaster Girl,Deleted the production database. Oops.,https://imgflip.com/memetemplate/Disaster-Girl
Captain Picard Huh,They said ‘data science’. I got pivot tables.,https://imgflip.com/memetemplate/Captain-Picard-Huh
Inigo Montoya,You keep saying 'entry level'. I do not think it means unpaid.,https://imgflip.com/memetemplate/Inigo-Montoya
Grumpy Cat,You want me to use Excel? No.,https://imgflip.com/memetemplate/Grumpy-Cat
Oprah You Get A Car,You get a rejection! You get a rejection! Everyone gets one!,https://imgflip.com/memetemplate/Oprah-You-Get-A
Yoda,Code it you must. Or fail you will.,https://imgflip.com/memetemplate/Yoda
Technologically Impaired Duck,Uploaded resume as screenshot.,https://imgflip.com/memetemplate/Technologically-Impaired-Duck
Sarcastic Spongebob,wE’rE nOt hIrInG bUt wAnTeD tO sTaY iN tOuCh,https://imgflip.com/memetemplate/Sarcastic-Spongebob
Cool Story Bro,You scraped Twitter once? Cool story bro.,https://imgflip.com/memetemplate/Cool-Story-Bro
Success Kid,Got hired after saying 'I love pivot tables'.,https://imgflip.com/memetemplate/Success-Kid
Clown Applying Makeup,"Step 1: List Excel
Step 2: Pray they don't ask questions",https://imgflip.com/memetemplate/Clown-Applying-Makeup
Actual Advice Mallard,Don’t put your GPA unless it’s brag-worthy.,https://imgflip.com/memetemplate/Actual-Advice-Mallard
Disaster Girl,Dropped the table instead of renaming it.,https://imgflip.com/memetemplate/Disaster-Girl
Put It Somewhere Else Patrick,Called pandas ‘panels’. Still passed the interview.,https://imgflip.com/memetemplate/Put-It-Somewhere-Else-Patrick
Unhelpful High School Teacher,You didn’t get the job? Try manifesting it.,https://imgflip.com/memetemplate/Unhelpful-High-School-Teacher
Sad Pablo Escobar,Sent 3 thank-you emails. No replies. Again.,https://imgflip.com/memetemplate/Sad-Pablo-Escobar
Batman Slapping Robin,"Robin: 'I used ChatGPT!'
Batman: 'READ THE DOCS!'",https://imgflip.com/memetemplate/Batman-Slapping-Robin
Hide the Pain Harold,Asked about work-life balance. Got muted.,https://imgflip.com/memetemplate/Hide-the-Pain-Harold
Bad Luck Brian,Git pushed the wrong branch. During demo.,https://imgflip.com/memetemplate/Bad-Luck-Brian
Philosoraptor,"If your model overfits but still impresses your boss, is it wrong?",https://imgflip.com/memetemplate/Philosoraptor
Grumpy Cat,Optimized the model. HR optimized me out of the role.,https://imgflip.com/memetemplate/Grumpy-Cat
Dwight Schrute,You think ‘data-driven’ means opinions with a pie chart? FALSE.,https://imgflip.com/memetemplate/Dwight-Schrute
Buddy Christ,Finally figured out regex. Feeling divine.,https://imgflip.com/memetemplate/Buddy-Christ
Sarcastic Spongebob,‘DaTa iS tHe nEw oIl’,https://imgflip.com/memetemplate/Sarcastic-Spongebob
Cool Story Bro,"Oh wow, your job uses Tableau. Cool story bro.",https://imgflip.com/memetemplate/Cool-Story-Bro
Monkey Puppet,Said I love math. Couldn't calculate percentage increase.,https://imgflip.com/memetemplate/Monkey-Puppet
Captain Picard Huh,They said ‘machine learning pipeline’. It’s 3 Excel files.,https://imgflip.com/memetemplate/Captain-Picard-Huh
Sad Pablo Escobar,Rewrote my resume 5 times. Still waiting.,https://imgflip.com/memetemplate/Sad-Pablo-Escobar
Unhelpful High School Teacher,Just learn Python and you'll be CEO.,https://imgflip.com/memetemplate/Unhelpful-High-School-Teacher
Success Kid,Trained my first model. It didn’t crash!,https://imgflip.com/memetemplate/Success-Kid
Put It Somewhere Else Patrick,Said 'data cleaning'. Meant manually deleting rows.,https://imgflip.com/memetemplate/Put-It-Somewhere-Else-Patrick
Am I The Only One,Am I the only one who actually likes documentation?,https://imgflip.com/memetemplate/Am-I-The-Only-One
Skeptical Baby,You ‘built a model’? You mean used scikit-learn default?,https://imgflip.com/memetemplate/Skeptical-Baby
10 Guy,So like... what if the job description is just a wish list?,https://imgflip.com/memetemplate/10-Guy
Stoner Stanley,What if... the real model was inside us all along?,https://imgflip.com/memetemplate/Stoner-Stanley
Maury Lie Detector,'We review every application.' THAT WAS A LIE.,https://imgflip.com/memetemplate/Maury-Lie-Detector
Y U No,Y U NO ACCEPT PEOPLE WITHOUT 3 INTERNSHIPS?,https://imgflip.com/memetemplate/Y-U-No
Annoying Facebook Girl,Did one SQL query. Now calls herself a data unicorn.,https://imgflip.com/memetemplate/Annoying-Facebook-Girl
Third World Skeptical Kid,You made a pie chart? So you’re a scientist now?,https://imgflip.com/memetemplate/Third-World-Skeptical-Kid
Clown Applying Makeup,"Step 1: Add 'passion for data'
Step 2: Apply blindly",https://imgflip.com/memetemplate/Clown-Applying-Makeup
Waiting Skeleton,Job post was up 3 months. Still 'reviewing candidates'.,https://imgflip.com/memetemplate/Waiting-Skeleton
Scumbag Steve,Gave fake advice. Got the job you wanted.,https://imgflip.com/memetemplate/Scumbag-Steve
Blank Nut Button,MORE. ONLINE. COURSES.,https://imgflip.com/memetemplate/Blank-Nut-Button
Leonardo Dicaprio Cheers,To the job posting that listed the salary upfront!,https://imgflip.com/memetemplate/Leonardo-Dicaprio-Cheers
Roll Safe Think About It,Can’t be rejected if you never apply.,https://imgflip.com/memetemplate/Roll-Safe-Think-About-It
The Scroll of Truth,‘We’re moving forward with other candidates’ – *throws scroll*,https://imgflip.com/memetemplate/The-Scroll-Of-Truth
Change My Mind,All interviews should include snacks. Change my mind.,https://imgflip.com/memetemplate/Change-My-Mind
Disaster Girl,Wrote 'rm -rf' in prod. Data gone. Smile stays.,https://imgflip.com/memetemplate/Disaster-Girl
Captain Picard Huh,Your company uses blockchain for resumes?,https://imgflip.com/memetemplate/Captain-Picard-Huh
Inigo Montoya,You keep using 'senior'. I do not think it means unpaid.,https://imgflip.com/memetemplate/Inigo-Montoya
Oprah You Get A Car,You get a recruiter message! And ghosted. And ghosted again!,https://imgflip.com/memetemplate/Oprah-You-Get-A
Technologically Impaired Duck,Typed SQL into Google Sheets.,https://imgflip.com/memetemplate/Technologically-Impaired-Duck
Batman Slapping Robin,"Robin: ‘Try another bootcamp!’
Batman: ‘Make connections!’",https://imgflip.com/memetemplate/Batman-Slapping-Robin
Clown Applying Makeup,"Step 1: Learn pandas
Step 2: Apply as ‘data wizard’",https://imgflip.com/memetemplate/Clown-Applying-Makeup
Actual Advice Mallard,Be early to interviews. Even Zoom ones.,https://imgflip.com/memetemplate/Actual-Advice-Mallard
Put It Somewhere Else Patrick,Made a bar chart in PowerPoint. Called it BI.,https://imgflip.com/memetemplate/Put-It-Somewhere-Else-Patrick
Unhelpful High School Teacher,You didn’t get the job? Try smiling more!,https://imgflip.com/memetemplate/Unhelpful-High-School-Teacher
Sad Pablo Escobar,Had a good final round. Silence since.,https://imgflip.com/memetemplate/Sad-Pablo-Escobar
Cool Story Bro,"Oh, you know Python? Used it once in 2019?",https://imgflip.com/memetemplate/Cool-Story-Bro
Grumpy Cat,Interview went well. No offer. Good.,https://imgflip.com/memetemplate/Grumpy-Cat
Success Kid,Finally deployed the dashboard. No bugs!,https://imgflip.com/memetemplate/Success-Kid
Stoner Stanley,What if… your code works… because you didn’t touch it?,https://imgflip.com/memetemplate/Stoner-Stanley
10 Guy,So like... is overfitting just caring too much?,https://imgflip.com/memetemplate/10-Guy
Maury Lie Detector,They said 'flat org structure'. THAT WAS A LIE.,https://imgflip.com/memetemplate/Maury-Lie-Detector
Hide the Pain Harold,They said ‘culture fit’. I said ‘please pay me’.,https://imgflip.com/memetemplate/Hide-the-Pain-Harold
Bad Luck Brian,Spent 2 weeks learning Spark. Job uses Excel.,https://imgflip.com/memetemplate/Bad-Luck-Brian
Philosoraptor,"If job hunting is full-time work, should I add it to my resume?",https://imgflip.com/memetemplate/Philosoraptor
Grumpy Cat,Zoom interview. Internet dies. Perfect.,https://imgflip.com/memetemplate/Grumpy-Cat
Dwight Schrute,‘Entry-level’ means no experience. FALSE. Requires 5 years.,https://imgflip.com/memetemplate/Dwight-Schrute
Buddy Christ,Finished a coding task on time. Manager clapped.,https://imgflip.com/memetemplate/Buddy-Christ
Sarcastic Spongebob,‘iTs nOt aBouT tHe MoNeY’,https://imgflip.com/memetemplate/Sarcastic-Spongebob
Cool Story Bro,Oh you learned Tableau in one weekend? Cool story bro.,https://imgflip.com/memetemplate/Cool-Story-Bro
Monkey Puppet,Claimed I knew APIs. Didn’t know how to spell REST.,https://imgflip.com/memetemplate/Monkey-Puppet
Captain Picard Huh,They said ‘analyst role’. It’s just data entry.,https://imgflip.com/memetemplate/Captain-Picard-Huh
Sad Pablo Escobar,Had a strong LinkedIn connection. No response.,https://imgflip.com/memetemplate/Sad-Pablo-Escobar
Unhelpful High School Teacher,Just be confident! Ignore the qualifications.,https://imgflip.com/memetemplate/Unhelpful-High-School-Teacher
Success Kid,Explained my model with confidence. Interviewer nodded!,https://imgflip.com/memetemplate/Success-Kid
Put It Somewhere Else Patrick,Created a database. Copied it to Excel.,https://imgflip.com/memetemplate/Put-It-Somewhere-Else-Patrick
Am I The Only One,Am I the only one who tests notebooks before submitting?,https://imgflip.com/memetemplate/Am-I-The-Only-One
Skeptical Baby,You made a pie chart? That’s your insight?,https://imgflip.com/memetemplate/Skeptical-Baby
10 Guy,"So like... if the model doesn’t predict, does it still exist?",https://imgflip.com/memetemplate/10-Guy
Stoner Stanley,What if... the data wants to be messy?,https://imgflip.com/memetemplate/Stoner-Stanley
Maury Lie Detector,‘We value junior talent.’ THAT WAS A LIE.,https://imgflip.com/memetemplate/Maury-Lie-Detector
Y U No,Y U NO POST THE ACTUAL JOB TITLE?,https://imgflip.com/memetemplate/Y-U-No
Annoying Facebook Girl,Got an interview and tweeted it with 17 emojis.,https://imgflip.com/memetemplate/Annoying-Facebook-Girl
Third World Skeptical Kid,You scrape data? Like... with a spoon?,https://imgflip.com/memetemplate/Third-World-Skeptical-Kid
Clown Applying Makeup,"Step 1: List Python
Step 2: Pray no one tests it",https://imgflip.com/memetemplate/Clown-Applying-Makeup
Waiting Skeleton,Still waiting for offer email after ‘great conversation’,https://imgflip.com/memetemplate/Waiting-Skeleton
Scumbag Steve,You wrote the repo. He got the credit.,https://imgflip.com/memetemplate/Scumbag-Steve
Blank Nut Button,MORE. PROJECTS. NOW.,https://imgflip.com/memetemplate/Blank-Nut-Button
Leonardo Dicaprio Cheers,Got feedback. Actual feedback. Cheers!,https://imgflip.com/memetemplate/Leonardo-Dicaprio-Cheers
Roll Safe Think About It,Can’t be underpaid if you freelance instead.,https://imgflip.com/memetemplate/Roll-Safe-Think-About-It
The Scroll of Truth,‘We went with a candidate with more alignment’ – *throws scroll*,https://imgflip.com/memetemplate/The-Scroll-Of-Truth
Change My Mind,Cover letters should be abolished. Change my mind.,https://imgflip.com/memetemplate/Change-My-Mind
Disaster Girl,Clicked ‘Submit’ twice. Sent duplicate application. No regrets.,https://imgflip.com/memetemplate/Disaster-Girl
Captain Picard Huh,You use chatbots for screening?,https://imgflip.com/memetemplate/Captain-Picard-Huh
Inigo Montoya,You keep saying ‘flexible’. I do not think it means what you think it means.,https://imgflip.com/memetemplate/Inigo-Montoya
Oprah You Get A Car,You get a coding challenge! And you! And another round!,https://imgflip.com/memetemplate/Oprah-You-Get-A
Technologically Impaired Duck,Screenshot of resume. As a .png.,https://imgflip.com/memetemplate/Technologically-Impaired-Duck
Batman Slapping Robin,"Robin: ‘Upload to GitHub!’
Batman: ‘DOCUMENT IT FIRST!’",https://imgflip.com/memetemplate/Batman-Slapping-Robin
Actual Advice Mallard,Use LinkedIn filters to find alumni and connect.,https://imgflip.com/memetemplate/Actual-Advice-Mallard
Cool Story Bro,Oh you learned Git yesterday? Cool story bro.,https://imgflip.com/memetemplate/Cool-Story-Bro
Grumpy Cat,Job ad said 'fun team'. Interview was grim.,https://imgflip.com/memetemplate/Grumpy-Cat
Success Kid,Refactored the pipeline. It actually worked.,https://imgflip.com/memetemplate/Success-Kid
Stoner Stanley,What if recruiters are just models trained to ignore me?,https://imgflip.com/memetemplate/Stoner-Stanley
10 Guy,So like… is career growth just a function?,https://imgflip.com/memetemplate/10-Guy
Maury Lie Detector,They said ‘there’s no overtime’. THAT WAS A LIE.,https://imgflip.com/memetemplate/Maury-Lie-Detector
Yoda,"Train your model, you must. Explain it, you should.",https://imgflip.com/memetemplate/Yoda
Sad Pablo Escobar,Sent 3 follow-ups. Heard back never.,https://imgflip.com/memetemplate/Sad-Pablo-Escobar
Put It Somewhere Else Patrick,Used matplotlib. Called myself a data viz expert.,https://imgflip.com/memetemplate/Put-It-Somewhere-Else-Patrick
Hide the Pain Harold,Said I like fast-paced environments. Got 3 roles in one.,https://imgflip.com/memetemplate/Hide-the-Pain-Harold
Bad Luck Brian,Final interview. Forgot to unmute entire time.,https://imgflip.com/memetemplate/Bad-Luck-Brian
Philosoraptor,"If AI writes my resume, do I still deserve the job?",https://imgflip.com/memetemplate/Philosoraptor
Grumpy Cat,Cover letter required? No.,https://imgflip.com/memetemplate/Grumpy-Cat
Dwight Schrute,Your job title is ‘data guru’? FALSE. That’s not a job.,https://imgflip.com/memetemplate/Dwight-Schrute
Buddy Christ,Finally nailed my elevator pitch. Felt holy.,https://imgflip.com/memetemplate/Buddy-Christ
Sarcastic Spongebob,‘pOrTfOlIo oR iT dOeSn’T cOuNt’,https://imgflip.com/memetemplate/Sarcastic-Spongebob
Cool Story Bro,"Oh, you built a model with 97% accuracy on Titanic. Cool story bro.",https://imgflip.com/memetemplate/Cool-Story-Bro
Monkey Puppet,Said I was proficient in Excel. Didn’t know VLOOKUP.,https://imgflip.com/memetemplate/Monkey-Puppet
Captain Picard Huh,You call Excel a database?,https://imgflip.com/memetemplate/Captain-Picard-Huh
Sad Pablo Escobar,Waited all day. Still nothing from HR.,https://imgflip.com/memetemplate/Sad-Pablo-Escobar
Unhelpful High School Teacher,Don’t worry about the job market. Just be yourself.,https://imgflip.com/memetemplate/Unhelpful-High-School-Teacher
Success Kid,Finally found the missing comma. Code runs!,https://imgflip.com/memetemplate/Success-Kid
Put It Somewhere Else Patrick,Wrote one SQL query. Called myself data fluent.,https://imgflip.com/memetemplate/Put-It-Somewhere-Else-Patrick
Am I The Only One,Am I the only one who actually reads the job post?,https://imgflip.com/memetemplate/Am-I-The-Only-One
Skeptical Baby,You got a data job? From cold applying?,https://imgflip.com/memetemplate/Skeptical-Baby
10 Guy,So like... what if Big Data is just a myth?,https://imgflip.com/memetemplate/10-Guy
Stoner Stanley,What if interviews are just vibes?,https://imgflip.com/memetemplate/Stoner-Stanley
Maury Lie Detector,'We offer a great work-life balance.' THAT WAS A LIE.,https://imgflip.com/memetemplate/Maury-Lie-Detector
Y U No,Y U NO RESPOND AFTER 4 ROUNDS?,https://imgflip.com/memetemplate/Y-U-No
Annoying Facebook Girl,Got the job. Posted 14 LinkedIn selfies in 1 day.,https://imgflip.com/memetemplate/Annoying-Facebook-Girl
Third World Skeptical Kid,You make graphs? Like... with crayons?,https://imgflip.com/memetemplate/Third-World-Skeptical-Kid
Clown Applying Makeup,"Step 1: Rebrand as analyst
Step 2: Hope",https://imgflip.com/memetemplate/Clown-Applying-Makeup
Waiting Skeleton,HR said 'we’ll get back soon'. That was 2019.,https://imgflip.com/memetemplate/Waiting-Skeleton
Scumbag Steve,Said ‘team project’. Did 0% of the work.,https://imgflip.com/memetemplate/Scumbag-Steve
Blank Nut Button,SELF. TAUGHT. EXPERT.,https://imgflip.com/memetemplate/Blank-Nut-Button
Leonardo Dicaprio Cheers,To the recruiter who actually read my resume!,https://imgflip.com/memetemplate/Leonardo-Dicaprio-Cheers
Roll Safe Think About It,Can’t be rejected if you ghost them first.,https://imgflip.com/memetemplate/Roll-Safe-Think-About-It
The Scroll of Truth,'We went with a better fit' – *throws scroll*,https://imgflip.com/memetemplate/The-Scroll-Of-Truth
Change My Mind,"If I solve your case study, I get paid. Change my mind.",https://imgflip.com/memetemplate/Change-My-Mind
Disaster Girl,Deleted the master copy. Project still got an A.,https://imgflip.com/memetemplate/Disaster-Girl
Captain Picard Huh,They said ‘data strategy’. I got copy-paste templates.,https://imgflip.com/memetemplate/Captain-Picard-Huh
Inigo Montoya,You keep saying ‘collaborative’. I do not think it means what you think it means.,https://imgflip.com/memetemplate/Inigo-Montoya
Oprah You Get A Car,You get another screening! And a take-home test! And another!,https://imgflip.com/memetemplate/Oprah-You-Get-A
Technologically Impaired Duck,Saved dataset in .rtf and emailed it.,https://imgflip.com/memetemplate/Technologically-Impaired-Duck
Batman Slapping Robin,"Robin: ‘Let’s use Excel!’
Batman: ‘USE SQL!’",https://imgflip.com/memetemplate/Batman-Slapping-Robin
Actual Advice Mallard,Always check column names before modeling.,https://imgflip.com/memetemplate/Actual-Advice-Mallard
Cool Story Bro,You made a pie chart in PowerPoint? Cool story bro.,https://imgflip.com/memetemplate/Cool-Story-Bro
Grumpy Cat,Cover letters? Still no.,https://imgflip.com/memetemplate/Grumpy-Cat
Success Kid,Got hired without a referral. Let’s go!,https://imgflip.com/memetemplate/Success-Kid
Stoner Stanley,What if hiring is just a probability problem?,https://imgflip.com/memetemplate/Stoner-Stanley
10 Guy,So like... is LinkedIn just corporate Tinder?,https://imgflip.com/memetemplate/10-Guy
Maury Lie Detector,'There’s room for growth.' THAT WAS A LIE.,https://imgflip.com/memetemplate/Maury-Lie-Detector
Yoda,Jobs come. Jobs go. But patience... endless must be.,https://imgflip.com/memetemplate/Yoda
Sad Pablo Escobar,Had a 3-stage interview. Never heard back.,https://imgflip.com/memetemplate/Sad-Pablo-Escobar
Put It Somewhere Else Patrick,Made a bar chart in Excel. Called it ML.,https://imgflip.com/memetemplate/Put-It-Somewhere-Else-Patrick
Hide the Pain Harold,They asked about my 5-year plan. I said ‘to get hired.’,https://imgflip.com/memetemplate/Hide-the-Pain-Harold
Bad Luck Brian,Sent resume as .pdf.exe by accident.,https://imgflip.com/memetemplate/Bad-Luck-Brian
Philosoraptor,"If AI selects resumes, do humans still matter?",https://imgflip.com/memetemplate/Philosoraptor
Grumpy Cat,Job hunt status: still grumpy.,https://imgflip.com/memetemplate/Grumpy-Cat
Dwight Schrute,A LinkedIn ‘like’ is NOT a job lead. FALSE.,https://imgflip.com/memetemplate/Dwight-Schrute
Buddy Christ,When the recruiter actually follows up.,https://imgflip.com/memetemplate/Buddy-Christ
Sarcastic Spongebob,‘wE wAnT yOuR rEaL sAlArY eXpEcTaTiOnS’,https://imgflip.com/memetemplate/Sarcastic-Spongebob
Cool Story Bro,Your ‘data project’ was a bar chart. Cool story bro.,https://imgflip.com/memetemplate/Cool-Story-Bro
Monkey Puppet,Wrote 'data cleaning'. Meant deleting rows in Notepad.,https://imgflip.com/memetemplate/Monkey-Puppet
Captain Picard Huh,They said ‘dynamic team’. It’s just chaos.,https://imgflip.com/memetemplate/Captain-Picard-Huh
Sad Pablo Escobar,Last seen waiting for a callback. 4 months ago.,https://imgflip.com/memetemplate/Sad-Pablo-Escobar
Unhelpful High School Teacher,Don’t worry. The job will find you.,https://imgflip.com/memetemplate/Unhelpful-High-School-Teacher
Success Kid,Finally formatted my resume. ATS approved!,https://imgflip.com/memetemplate/Success-Kid
Put It Somewhere Else Patrick,Trained a model on 40 rows. Called it production-ready.,https://imgflip.com/memetemplate/Put-It-Somewhere-Else-Patrick
Am I The Only One,Am I the only one still using pandas instead of Polars?,https://imgflip.com/memetemplate/Am-I-The-Only-One
Skeptical Baby,You built a dashboard? With Clipart?,https://imgflip.com/memetemplate/Skeptical-Baby
10 Guy,So like... what if Python is just human-readable Java?,https://imgflip.com/memetemplate/10-Guy
Stoner Stanley,What if… job boards are just illusions?,https://imgflip.com/memetemplate/Stoner-Stanley
Maury Lie Detector,'We’re hiring quickly.' THAT WAS A LIE.,https://imgflip.com/memetemplate/Maury-Lie-Detector
Y U No,Y U NO SAY REMOTE UNTIL FINAL ROUND?,https://imgflip.com/memetemplate/Y-U-No
Annoying Facebook Girl,New job! New profile pic! 8 hashtags!,https://imgflip.com/memetemplate/Annoying-Facebook-Girl
Third World Skeptical Kid,You analyze numbers? Like… a calculator?,https://imgflip.com/memetemplate/Third-World-Skeptical-Kid
Clown Applying Makeup,"Step 1: Copy resume bullets
Step 2: Paste into all jobs",https://imgflip.com/memetemplate/Clown-Applying-Makeup
Waiting Skeleton,Still waiting for recruiter to ‘loop in the team’,https://imgflip.com/memetemplate/Waiting-Skeleton
Scumbag Steve,Took credit for your team’s ML model in the interview.,https://imgflip.com/memetemplate/Scumbag-Steve
Blank Nut Button,SEND. MORE. APPLICATIONS.,https://imgflip.com/memetemplate/Blank-Nut-Button
Leonardo Dicaprio Cheers,Shoutout to that one interviewer who smiled.,https://imgflip.com/memetemplate/Leonardo-Dicaprio-Cheers
Roll Safe Think About It,Can’t fail the case study if you decline it.,https://imgflip.com/memetemplate/Roll-Safe-Think-About-It
The Scroll of Truth,‘It’s not a fit.’ *throws scroll*,https://imgflip.com/memetemplate/The-Scroll-Of-Truth
Change My Mind,Ghosting should be illegal. Change my mind.,https://imgflip.com/memetemplate/Change-My-Mind
Disaster Girl,Restarted the server. Deleted production by accident.,https://imgflip.com/memetemplate/Disaster-Girl
Captain Picard Huh,They called me a 'spreadsheet specialist'.,https://imgflip.com/memetemplate/Captain-Picard-Huh
Inigo Montoya,You keep saying ‘mission-driven’. I do not think it means salaried.,https://imgflip.com/memetemplate/Inigo-Montoya
Oprah You Get A Car,You get a Zoom screen! And you! And a follow-up!,https://imgflip.com/memetemplate/Oprah-You-Get-A
Technologically Impaired Duck,Copied SQL into Word. Sent it to devs.,https://imgflip.com/memetemplate/Technologically-Impaired-Duck
Batman Slapping Robin,"Robin: 'Don’t worry about salary.'
Batman: 'ASK ABOUT SALARY!'",https://imgflip.com/memetemplate/Batman-Slapping-Robin
Actual Advice Mallard,Follow up once. Not six times.,https://imgflip.com/memetemplate/Actual-Advice-Mallard
Cool Story Bro,You did a regression once. Cool story bro.,https://imgflip.com/memetemplate/Cool-Story-Bro
Grumpy Cat,Asked if I could code. In PowerPoint.,https://imgflip.com/memetemplate/Grumpy-Cat
Success Kid,Finally got an offer email. In writing!,https://imgflip.com/memetemplate/Success-Kid
Stoner Stanley,What if recruiters are just NPCs?,https://imgflip.com/memetemplate/Stoner-Stanley
10 Guy,So like... what if Tableau is just Excel with stickers?,https://imgflip.com/memetemplate/10-Guy
Maury Lie Detector,'It’s just one round of interviews.' THAT WAS A LIE.,https://imgflip.com/memetemplate/Maury-Lie-Detector
Yoda,Apply you must. Regret you might.,https://imgflip.com/memetemplate/Yoda
Sad Pablo Escobar,No response. Again. Time to rewrite my resume.,https://imgflip.com/memetemplate/Sad-Pablo-Escobar
Put It Somewhere Else Patrick,Made a chart. Called it 'visual storytelling'.,https://imgflip.com/memetemplate/Put-It-Somewhere-Else-Patrick
Hide the Pain Harold,They said ‘collaborative environment’. I haven’t seen a human in weeks.,https://imgflip.com/memetemplate/Hide-the-Pain-Harold
Bad Luck Brian,Got hired. Team uses Perl.,https://imgflip.com/memetemplate/Bad-Luck-Brian
Philosoraptor,If my code works but I don’t know why… is it still good?,https://imgflip.com/memetemplate/Philosoraptor
Grumpy Cat,Was excited to start. First task: fix Excel sheets.,https://imgflip.com/memetemplate/Grumpy-Cat
Dwight Schrute,"‘Flexible work hours’ means start early, end later. FALSE.",https://imgflip.com/memetemplate/Dwight-Schrute
Buddy Christ,Got coffee. Ran code. Didn’t crash. Bless up.,https://imgflip.com/memetemplate/Buddy-Christ
Sarcastic Spongebob,‘rEsUme sHoUlD bE 1 pAgE’,https://imgflip.com/memetemplate/Sarcastic-Spongebob
Cool Story Bro,You took a Coursera? Cool story bro.,https://imgflip.com/memetemplate/Cool-Story-Bro
Monkey Puppet,Said I love data. Forgot to back up the CSV.,https://imgflip.com/memetemplate/Monkey-Puppet
Captain Picard Huh,They said ‘dynamic reporting’. It’s PowerPoint animations.,https://imgflip.com/memetemplate/Captain-Picard-Huh
Sad Pablo Escobar,No interview. No rejection. Just vibes.,https://imgflip.com/memetemplate/Sad-Pablo-Escobar
Unhelpful High School Teacher,Just network more. That’s it.,https://imgflip.com/memetemplate/Unhelpful-High-School-Teacher
Success Kid,Accidentally impressed the CTO. Got referral.,https://imgflip.com/memetemplate/Success-Kid
Put It Somewhere Else Patrick,Exported PowerPoint to PDF. Called it a portfolio.,https://imgflip.com/memetemplate/Put-It-Somewhere-Else-Patrick
Am I The Only One,Am I the only one who still formats tables manually?,https://imgflip.com/memetemplate/Am-I-The-Only-One
Skeptical Baby,You got promoted? Or just changed your LinkedIn title?,https://imgflip.com/memetemplate/Skeptical-Baby
10 Guy,"So like… if you build it, will recruiters come?",https://imgflip.com/memetemplate/10-Guy
Stoner Stanley,What if… the interview questions are made up?,https://imgflip.com/memetemplate/Stoner-Stanley
Maury Lie Detector,'We’re super casual here.' THAT WAS A LIE.,https://imgflip.com/memetemplate/Maury-Lie-Detector
Y U No,Y U NO GIVE FEEDBACK AFTER GHOSTING?,https://imgflip.com/memetemplate/Y-U-No
Annoying Facebook Girl,Took one webinar. Added ‘Data Evangelist’ to bio.,https://imgflip.com/memetemplate/Annoying-Facebook-Girl
Third World Skeptical Kid,You work with ‘big data’? Is that like… multiple spreadsheets?,https://imgflip.com/memetemplate/Third-World-Skeptical-Kid
Clown Applying Makeup,"Step 1: Learn Python
Step 2: Cry over job portal",https://imgflip.com/memetemplate/Clown-Applying-Makeup
Waiting Skeleton,Waiting for team feedback on my test assignment.,https://imgflip.com/memetemplate/Waiting-Skeleton
Scumbag Steve,Used your code. Took full credit.,https://imgflip.com/memetemplate/Scumbag-Steve
Blank Nut Button,NETWORK. MORE. DESPERATELY.,https://imgflip.com/memetemplate/Blank-Nut-Button
Leonardo Dicaprio Cheers,Got a thank-you note from the company. Didn’t even apply!,https://imgflip.com/memetemplate/Leonardo-Dicaprio-Cheers
Roll Safe Think About It,Can’t burn out if you never get hired.,https://imgflip.com/memetemplate/Roll-Safe-Think-About-It
The Scroll of Truth,‘We’re pursuing other applicants’ – *throws scroll*,https://imgflip.com/memetemplate/The-Scroll-Of-Truth
Change My Mind,Every job post should come with a reality check. Change my mind.,https://imgflip.com/memetemplate/Change-My-Mind
Disaster Girl,Set up automation. Broke the entire pipeline.,https://imgflip.com/memetemplate/Disaster-Girl
Captain Picard Huh,They said ‘data-first culture’. It’s Post-its.,https://imgflip.com/memetemplate/Captain-Picard-Huh
Inigo Montoya,You keep saying ‘proactive’. I do not think it means mandatory overtime.,https://imgflip.com/memetemplate/Inigo-Montoya
Oprah You Get A Car,You get ghosted! And you! And you!,https://imgflip.com/memetemplate/Oprah-You-Get-A
Technologically Impaired Duck,Uploaded résumé as a screenshot. Cropped wrong.,https://imgflip.com/memetemplate/Technologically-Impaired-Duck
Batman Slapping Robin,"Robin: ‘They said it’s a flat org.’
Batman: ‘THERE’S A CEO!’",https://imgflip.com/memetemplate/Batman-Slapping-Robin
Actual Advice Mallard,"Create a custom resume for each job. Yes, really.",https://imgflip.com/memetemplate/Actual-Advice-Mallard
Cool Story Bro,You googled ‘AI’. Cool story bro.,https://imgflip.com/memetemplate/Cool-Story-Bro
Grumpy Cat,They posted the same job again. After rejecting me.,https://imgflip.com/memetemplate/Grumpy-Cat
Success Kid,Caught a data leak before the client did.,https://imgflip.com/memetemplate/Success-Kid
Stoner Stanley,What if… all jobs are secretly the same?,https://imgflip.com/memetemplate/Stoner-Stanley
10 Guy,So like… what even is a deliverable?,https://imgflip.com/memetemplate/10-Guy
Maury Lie Detector,'We love your background.' THAT WAS A LIE.,https://imgflip.com/memetemplate/Maury-Lie-Detector
Yoda,Applied you did. Interviewed you will not be.,https://imgflip.com/memetemplate/Yoda
Sad Pablo Escobar,Wrote my heart out in that cover letter. Nothing.,https://imgflip.com/memetemplate/Sad-Pablo-Escobar
Put It Somewhere Else Patrick,Used Google Slides. Called it interactive analytics.,https://imgflip.com/memetemplate/Put-It-Somewhere-Else-Patrick
